timestamp,heart_rate
2024-01-01 00:00:00,70.99342830602247
2024-01-01 00:01:00,69.74580310489293
2024-01-01 00:02:00,71.34004007444985
2024-01-01 00:03:00,73.11305316964135
2024-01-01 00:04:00,69.62101591732088
2024-01-01 00:05:00,69.64337629800231
2024-01-01 00:06:00,73.29240130709665
2024-01-01 00:07:00,71.69116810151391
2024-01-01 00:08:00,69.23966992535391
2024-01-01 00:09:00,71.28605550930101
2024-01-01 00:10:00,69.29641301636252
2024-01-01 00:11:00,69.31409771379329
2024-01-01 00:12:00,70.75178600631448
2024-01-01 00:13:00,66.46360022371915
2024-01-01 00:14:00,66.86261888986144
2024-01-01 00:15:00,69.21016751475852
2024-01-01 00:16:00,68.3313621120356
2024-01-01 00:17:00,71.00779414319975
2024-01-01 00:18:00,68.58551938296891
2024-01-01 00:19:00,67.59922070303168
2024-01-01 00:20:00,73.37737831605912
2024-01-01 00:21:00,70.01677253586423
2024-01-01 00:22:00,70.62561717638518
2024-01-01 00:23:00,67.66329088191473
2024-01-01 00:24:00,69.44623873556782
2024-01-01 00:25:00,70.77905632322476
2024-01-01 00:26:00,68.2774205632138
2024-01-01 00:27:00,71.35298953042381
2024-01-01 00:28:00,69.42249067754973
2024-01-01 00:29:00,70.06254349621025
2024-01-01 00:30:00,69.46466867149753
2024-01-01 00:31:00,74.3947767141088
2024-01-01 00:32:00,70.68535148118701
2024-01-01 00:33:00,68.61903638246802
2024-01-01 00:34:00,72.40164668640884
2024-01-01 00:35:00,68.3369540844104
2024-01-01 00:36:00,71.21843858532975
2024-01-01 00:37:00,66.90342623611342
2024-01-01 00:38:00,68.1884341412654
2024-01-01 00:39:00,71.26055272197031
2024-01-01 00:40:00,72.36577126701734
2024-01-01 00:41:00,71.25356596177762
2024-01-01 00:42:00,70.701507152837
2024-01-01 00:43:00,70.35255326108683
2024-01-01 00:44:00,68.01965581354155
2024-01-01 00:45:00,69.55893231811918
2024-01-01 00:46:00,70.0992455238516
2024-01-01 00:47:00,73.1566508312659
2024-01-01 00:48:00,71.75150684554275
2024-01-01 00:49:00,67.56003401047583
2024-01-01 00:50:00,71.75610607507905
2024-01-01 00:51:00,70.35957674429855
2024-01-01 00:52:00,69.79767942096908
2024-01-01 00:53:00,72.3966366575764
2024-01-01 00:54:00,73.25702191972908
2024-01-01 00:55:00,73.07929963942267
2024-01-01 00:56:00,69.55999820831505
2024-01-01 00:57:00,70.6416792796834
2024-01-01 00:58:00,71.94427819025255
2024-01-01 00:59:00,73.25446499400994
2024-01-01 01:00:00,70.36662538993623
2024-01-01 01:01:00,70.97523034944712
2024-01-01 01:02:00,69.15542770141224
2024-01-01 01:03:00,68.99720825610765
2024-01-01 01:04:00,73.03617111127696
2024-01-01 01:05:00,74.14507119289782
2024-01-01 01:06:00,71.31001586908572
2024-01-01 01:07:00,73.48251979242666
2024-01-01 01:08:00,72.22011644024008
2024-01-01 01:09:00,70.22796738526672
2024-01-01 01:10:00,72.26233232291176
2024-01-01 01:11:00,74.63691977812566
2024-01-01 01:12:00,71.51047101949534
2024-01-01 01:13:00,74.73265738498384
2024-01-01 01:14:00,66.38509696839434
2024-01-01 01:15:00,73.28957902114747
2024-01-01 01:16:00,71.8410243229067
2024-01-01 01:17:00,71.09004060393153
2024-01-01 01:18:00,71.89267052754828
2024-01-01 01:19:00,67.75507297345169
2024-01-01 01:20:00,71.31189662170502
2024-01-01 01:21:00,72.48646251028313
2024-01-01 01:22:00,74.74898941100003
2024-01-01 01:23:00,70.77759143345891
2024-01-01 01:24:00,70.21804141743193
2024-01-01 01:25:00,70.85237710511952
2024-01-01 01:26:00,73.70752342440827
2024-01-01 01:27:00,72.5550144451304
2024-01-01 01:28:00,70.85874950828794
2024-01-01 01:29:00,72.96552673905038
2024-01-01 01:30:00,72.15383280997983
2024-01-01 01:31:00,73.91761702742446
2024-01-01 01:32:00,70.59683330614614
2024-01-01 01:33:00,71.3661903772703
2024-01-01 01:34:00,71.25783588705552
2024-01-01 01:35:00,69.13552178418269
2024-01-01 01:36:00,72.67525330468544
2024-01-01 01:37:00,72.62554556744934
2024-01-01 01:38:00,72.13404503151298
2024-01-01 01:39:00,71.67498739014968
2024-01-01 01:40:00,69.3337237766869
2024-01-01 01:41:00,71.34343790680428
2024-01-01 01:42:00,71.51952212170058
2024-01-01 01:43:00,70.62057815358982
2024-01-01 01:44:00,71.92270136561076
2024-01-01 01:45:00,73.07347278467333
2024-01-01 01:46:00,76.05779896711678
2024-01-01 01:47:00,72.65459632272334
2024-01-01 01:48:00,72.84051207755553
2024-01-01 01:49:00,72.19644675910693
2024-01-01 01:50:00,68.52767977966744
2024-01-01 01:51:00,72.33203403454102
2024-01-01 01:52:00,72.52531736733363
2024-01-01 01:53:00,77.35109155340962
2024-01-01 01:54:00,72.05959063183057
2024-01-01 01:55:00,73.06706696483178
2024-01-01 01:56:00,72.41416258006319
2024-01-01 01:57:00,70.16579763967525
2024-01-01 01:58:00,74.80832033199223
2024-01-01 01:59:00,74.04601478635519
2024-01-01 02:00:00,74.14363930131856
2024-01-01 02:01:00,70.76217949128738
2024-01-01 02:02:00,75.40587396385847
2024-01-01 02:03:00,69.81586574596368
2024-01-01 02:04:00,73.8125158190739
2024-01-01 02:05:00,77.03889751622188
2024-01-01 02:06:00,70.69604876444949
2024-01-01 02:07:00,71.563611267315
2024-01-01 02:08:00,72.9145445758767
2024-01-01 02:09:00,71.72727511064858
2024-01-01 02:10:00,69.65183323151798
2024-01-01 02:11:00,72.9091684681828
2024-01-01 02:12:00,70.66626591572876
2024-01-01 02:13:00,73.7568370792736
2024-01-01 02:14:00,70.98953032608267
2024-01-01 02:15:00,75.946921535367
2024-01-01 02:16:00,71.29916707918916
2024-01-01 02:17:00,72.24011823225183
2024-01-01 02:18:00,74.52978961801664
2024-01-01 02:19:00,70.45948644340015
2024-01-01 02:20:00,73.39454047043787
2024-01-01 02:21:00,75.5722569253575
2024-01-01 02:22:00,69.76130071350833
2024-01-01 02:23:00,73.36377527653191
2024-01-01 02:24:00,73.53245779757825
2024-01-01 02:25:00,74.59446653786932
2024-01-01 02:26:00,70.57499155732158
2024-01-01 02:27:00,70.42599520218778
2024-01-01 02:28:00,74.12874993945171
2024-01-01 02:29:00,73.69673713228435
2024-01-01 02:30:00,73.62159673009818
2024-01-01 02:31:00,73.83129262732771
2024-01-01 02:32:00,71.79607354990061
2024-01-01 02:33:00,73.6382984494708
2024-01-01 02:34:00,73.7775450138951
2024-01-01 02:35:00,71.78024686726789
2024-01-01 02:36:00,76.9579886604552
2024-01-01 02:37:00,74.1915353897429
2024-01-01 02:38:00,70.87863211540697
2024-01-01 02:39:00,74.59165521949357
2024-01-01 02:40:00,71.34643256424359
2024-01-01 02:41:00,74.88715170541487
2024-01-01 02:42:00,75.64729862180555
2024-01-01 02:43:00,71.70580584862171
2024-01-01 02:44:00,75.29092350524726
2024-01-01 02:45:00,74.20667128737675
2024-01-01 02:46:00,75.04210505215501
2024-01-01 02:47:00,77.2083827958578
2024-01-01 02:48:00,72.94076918565901
2024-01-01 02:49:00,71.94075785501583
2024-01-01 02:50:00,71.68582196093399
2024-01-01 02:51:00,71.84978644975617
2024-01-01 02:52:00,73.34369505729674
2024-01-01 02:53:00,74.19662883425445
2024-01-01 02:54:00,74.08406754019828
2024-01-01 02:55:00,75.20134784255676
2024-01-01 02:56:00,73.58921457607654
2024-01-01 02:57:00,76.48644213947858
2024-01-01 02:58:00,73.06615695791925
2024-01-01 02:59:00,79.05183874584321
2024-01-01 03:00:00,74.87879774942456
2024-01-01 03:01:00,71.9290431404586
2024-01-01 03:02:00,71.51740072122169
2024-01-01 03:03:00,74.63988998432066
2024-01-01 03:04:00,73.24371070118896
2024-01-01 03:05:00,75.13425976992812
2024-01-01 03:06:00,74.66828764438014
2024-01-01 03:07:00,73.59163899999669
2024-01-01 03:08:00,72.05912435016067
2024-01-01 03:09:00,70.73836254446832
2024-01-01 03:10:00,72.89030226077978
2024-01-01 03:11:00,75.51133460647671
2024-01-01 03:12:00,74.24185876049981
2024-01-01 03:13:00,71.33725709171631
2024-01-01 03:14:00,74.19008872258357
2024-01-01 03:15:00,74.62928242062522
2024-01-01 03:16:00,72.10578187266427
2024-01-01 03:17:00,74.19572406090353
2024-01-01 03:18:00,74.01939613770396
2024-01-01 03:19:00,71.63167043398786
2024-01-01 03:20:00,74.64774528678721
2024-01-01 03:21:00,75.0682260948276
2024-01-01 03:22:00,76.12717267734853
2024-01-01 03:23:00,76.08301385162643
2024-01-01 03:24:00,71.23433671200134
2024-01-01 03:25:00,72.12821694980096
2024-01-01 03:26:00,75.04805476609057
2024-01-01 03:27:00,75.05959869625379
2024-01-01 03:28:00,75.07608983232227
2024-01-01 03:29:00,81.76534995206369
2024-01-01 03:30:00,75.21548509361934
2024-01-01 03:31:00,76.35857679061671
2024-01-01 03:32:00,76.00911455935976
2024-01-01 03:33:00,75.4174828901971
2024-01-01 03:34:00,73.49767483706235
2024-01-01 03:35:00,75.65958804154045
2024-01-01 03:36:00,72.60935853451251
2024-01-01 03:37:00,73.69465395680014
2024-01-01 03:38:00,73.21076888128007
2024-01-01 03:39:00,74.3583714201172
2024-01-01 03:40:00,78.8369895561087
2024-01-01 03:41:00,70.48611319675382
2024-01-01 03:42:00,75.60605676185743
2024-01-01 03:43:00,71.02091884162658
2024-01-01 03:44:00,73.31522222428025
2024-01-01 03:45:00,76.44964345733516
2024-01-01 03:46:00,74.41287931306037
2024-01-01 03:47:00,72.14132720415898
2024-01-01 03:48:00,72.87862707159255
2024-01-01 03:49:00,75.6807677358116
2024-01-01 03:50:00,72.87309651438561
2024-01-01 03:51:00,74.77892406475152
2024-01-01 03:52:00,74.44924701842854
2024-01-01 03:53:00,73.06691822062157
2024-01-01 03:54:00,78.66994157633027
2024-01-01 03:55:00,75.66174461079748
2024-01-01 03:56:00,70.355393031515
2024-01-01 03:57:00,74.79027672833067
2024-01-01 03:58:00,73.10540310517379
2024-01-01 03:59:00,76.14536847040584
2024-01-01 04:00:00,72.86690371002834
2024-01-01 04:01:00,74.23383310138183
2024-01-01 04:02:00,75.48455854397855
2024-01-01 04:03:00,76.21728937485712
2024-01-01 04:04:00,72.0962979678013
2024-01-01 04:05:00,73.8389166982095
2024-01-01 04:06:00,73.56897332740654
2024-01-01 04:07:00,73.22306645714661
2024-01-01 04:08:00,78.07141037061807
2024-01-01 04:09:00,75.36115807900524
2024-01-01 04:10:00,72.04003512038089
2024-01-01 04:11:00,76.40805070735196
2024-01-01 04:12:00,78.8270782125792
2024-01-01 04:13:00,76.65805037660036
2024-01-01 04:14:00,71.56464880429934
2024-01-01 04:15:00,73.64510412870533
2024-01-01 04:16:00,77.15749258394578
2024-01-01 04:17:00,73.21834365538754
2024-01-01 04:18:00,75.53124785253571
2024-01-01 04:19:00,76.20271744157088
2024-01-01 04:20:00,72.80934248080202
2024-01-01 04:21:00,74.55382037542806
2024-01-01 04:22:00,68.19991747057276
2024-01-01 04:23:00,72.64317115763657
2024-01-01 04:24:00,74.19621748207175
2024-01-01 04:25:00,72.21510765062112
2024-01-01 04:26:00,77.98472956908877
2024-01-01 04:27:00,71.86876970246699
2024-01-01 04:28:00,73.85802136781842
2024-01-01 04:29:00,75.00856160111384
2024-01-01 04:30:00,77.63850919102549
2024-01-01 04:31:00,71.89303237810203
2024-01-01 04:32:00,77.09978999542795
2024-01-01 04:33:00,74.80254601045976
2024-01-01 04:34:00,72.82759141551426
2024-01-01 04:35:00,75.72325577414347
2024-01-01 04:36:00,75.20551945220937
2024-01-01 04:37:00,73.61522851994512
2024-01-01 04:38:00,74.96343948721095
2024-01-01 04:39:00,74.06129184995677
2024-01-01 04:40:00,75.06694799952935
2024-01-01 04:41:00,76.1720793194343
2024-01-01 04:42:00,78.02766651889704
2024-01-01 04:43:00,72.38772692055636
2024-01-01 04:44:00,79.13705967677055
2024-01-01 04:45:00,70.97436217927603
2024-01-01 04:46:00,74.58242214641764
2024-01-01 04:47:00,76.06999088234168
2024-01-01 04:48:00,75.46261378157735
2024-01-01 04:49:00,73.66241389791342
2024-01-01 04:50:00,74.4986605155905
2024-01-01 04:51:00,73.93590428736275
2024-01-01 04:52:00,73.75008672084782
2024-01-01 04:53:00,76.6348393223063
2024-01-01 04:54:00,75.65639368872465
2024-01-01 04:55:00,73.56317969107666
2024-01-01 04:56:00,76.75474325655487
2024-01-01 04:57:00,75.57659551557803
2024-01-01 04:58:00,76.5940819101917
2024-01-01 04:59:00,76.23388467385861
2024-01-01 05:00:00,73.32281429448125
2024-01-01 05:01:00,73.86652746282347
2024-01-01 05:02:00,76.4874697744515
2024-01-01 05:03:00,76.21952380543037
2024-01-01 05:04:00,74.96278838339983
2024-01-01 05:05:00,75.24496211991377
2024-01-01 05:06:00,77.57126031260547
2024-01-01 05:07:00,73.83831819918039
2024-01-01 05:08:00,76.12109338720082
2024-01-01 05:09:00,74.62785806605046
2024-01-01 05:10:00,74.60213271620493
2024-01-01 05:11:00,77.24020749346622
2024-01-01 05:12:00,76.69855198057407
2024-01-01 05:13:00,76.6797107869379
2024-01-01 05:14:00,77.66852801555314
2024-01-01 05:15:00,75.10436354130348
2024-01-01 05:16:00,76.43095374620464
2024-01-01 05:17:00,74.45111264486826
2024-01-01 05:18:00,75.72448354820098
2024-01-01 05:19:00,74.82027567403667
2024-01-01 05:20:00,75.27887083212228
2024-01-01 05:21:00,76.27941617941886
2024-01-01 05:22:00,73.45679002454622
2024-01-01 05:23:00,79.28204117172017
2024-01-01 05:24:00,73.08917298615464
2024-01-01 05:25:00,72.67667748624685
2024-01-01 05:26:00,77.42502919154428
2024-01-01 05:27:00,76.69579127323195
2024-01-01 05:28:00,76.36426960799668
2024-01-01 05:29:00,76.37619067041462
2024-01-01 05:30:00,75.09838131697634
2024-01-01 05:31:00,73.33164680845705
2024-01-01 05:32:00,75.28095078153524
2024-01-01 05:33:00,73.77810972959233
2024-01-01 05:34:00,77.08566943126374
2024-01-01 05:35:00,74.84421728997677
2024-01-01 05:36:00,73.49014497889405
2024-01-01 05:37:00,74.50108019562724
2024-01-01 05:38:00,75.97233243871325
2024-01-01 05:39:00,74.0215431801844
2024-01-01 05:40:00,73.50697931612746
2024-01-01 05:41:00,75.64112738079581
2024-01-01 05:42:00,75.64592394472143
2024-01-01 05:43:00,74.14424725746197
2024-01-01 05:44:00,74.21810473235598
2024-01-01 05:45:00,75.62623385387681
2024-01-01 05:46:00,72.2678228042218
2024-01-01 05:47:00,72.35082629312326
2024-01-01 05:48:00,73.73053257656966
2024-01-01 05:49:00,74.74209869313493
2024-01-01 05:50:00,75.79228488508743
2024-01-01 05:51:00,78.12256370635005
2024-01-01 05:52:00,76.88845678183513
2024-01-01 05:53:00,74.85445146791484
2024-01-01 05:54:00,75.1373918207036
2024-01-01 05:55:00,73.17136592080008
2024-01-01 05:56:00,75.14030348701674
2024-01-01 05:57:00,74.60082227772271
2024-01-01 05:58:00,75.82429115453002
2024-01-01 05:59:00,73.5250113026804
2024-01-01 06:00:00,76.21869004956721
2024-01-01 06:01:00,78.24590335330412
2024-01-01 06:02:00,74.96323841287668
2024-01-01 06:03:00,75.98442001593742
2024-01-01 06:04:00,76.56142710156625
2024-01-01 06:05:00,74.3787454120471
2024-01-01 06:06:00,75.6293232570165
2024-01-01 06:07:00,75.2061797428871
2024-01-01 06:08:00,75.37610850896556
2024-01-01 06:09:00,73.63440285139986
2024-01-01 06:10:00,75.22901362746825
2024-01-01 06:11:00,76.17546549159161
2024-01-01 06:12:00,78.08113654468156
2024-01-01 06:13:00,77.09667621243788
2024-01-01 06:14:00,79.48368954081141
2024-01-01 06:15:00,73.64172442485183
2024-01-01 06:16:00,76.92006063501549
2024-01-01 06:17:00,75.54100809870476
2024-01-01 06:18:00,79.55273962443898
2024-01-01 06:19:00,73.5552518354168
2024-01-01 06:20:00,73.49102438127461
2024-01-01 06:21:00,73.9702074814916
2024-01-01 06:22:00,70.9196311153969
2024-01-01 06:23:00,74.11424743665384
2024-01-01 06:24:00,73.64573223854617
2024-01-01 06:25:00,75.46293042496899
2024-01-01 06:26:00,75.84370534755128
2024-01-01 06:27:00,78.91049091872546
2024-01-01 06:28:00,77.05685810978324
2024-01-01 06:29:00,73.99996971433345
2024-01-01 06:30:00,73.35461972645082
2024-01-01 06:31:00,76.13286496080705
2024-01-01 06:32:00,72.50604331327312
2024-01-01 06:33:00,78.80681598693445
2024-01-01 06:34:00,77.50007310228708
2024-01-01 06:35:00,74.20004170107605
2024-01-01 06:36:00,71.70922989327867
2024-01-01 06:37:00,77.84025551240802
2024-01-01 06:38:00,74.90034881913287
2024-01-01 06:39:00,77.60188488038588
2024-01-01 06:40:00,71.9341267569789
2024-01-01 06:41:00,73.92086798999519
2024-01-01 06:42:00,75.12664761354864
2024-01-01 06:43:00,75.20656987218175
2024-01-01 06:44:00,74.20883258180672
2024-01-01 06:45:00,76.35092467817368
2024-01-01 06:46:00,72.96615177283867
2024-01-01 06:47:00,74.81270809169132
2024-01-01 06:48:00,75.33403945166623
2024-01-01 06:49:00,76.1182137653994
2024-01-01 06:50:00,76.50836063295974
2024-01-01 06:51:00,72.83154843277202
2024-01-01 06:52:00,72.00821306628703
2024-01-01 06:53:00,77.62731098776155
2024-01-01 06:54:00,75.73200854404703
2024-01-01 06:55:00,73.56573795980492
2024-01-01 06:56:00,78.16025293205654
2024-01-01 06:57:00,75.28444373327513
2024-01-01 06:58:00,77.40674195416344
2024-01-01 06:59:00,75.17814541171572
2024-01-01 07:00:00,79.15947300863633
2024-01-01 07:01:00,78.5434355082135
2024-01-01 07:02:00,74.5295102544171
2024-01-01 07:03:00,76.96517335579388
2024-01-01 07:04:00,76.30728454264607
2024-01-01 07:05:00,77.74820534957932
2024-01-01 07:06:00,73.0754134219553
2024-01-01 07:07:00,76.37159000713324
2024-01-01 07:08:00,77.11047155987617
2024-01-01 07:09:00,71.47018798873057
2024-01-01 07:10:00,72.6151033110809
2024-01-01 07:11:00,70.89701847997533
2024-01-01 07:12:00,74.43044091648105
2024-01-01 07:13:00,76.3980202259026
2024-01-01 07:14:00,77.96124045651106
2024-01-01 07:15:00,75.09821619196191
2024-01-01 07:16:00,78.20066777531318
2024-01-01 07:17:00,72.17655373020399
2024-01-01 07:18:00,71.52322177668918
2024-01-01 07:19:00,74.81203145127714
2024-01-01 07:20:00,75.68430826583995
2024-01-01 07:21:00,74.84374885790871
2024-01-01 07:22:00,70.76712575112887
2024-01-01 07:23:00,74.71655222570665
2024-01-01 07:24:00,72.27854656079512
2024-01-01 07:25:00,76.21943496892229
2024-01-01 07:26:00,75.60580187582967
2024-01-01 07:27:00,72.98527267849587
2024-01-01 07:28:00,73.82963679304714
2024-01-01 07:29:00,72.7311936251695
2024-01-01 07:30:00,74.71642433757054
2024-01-01 07:31:00,76.74414101719829
2024-01-01 07:32:00,72.85439026915802
2024-01-01 07:33:00,75.82583368237233
2024-01-01 07:34:00,73.74903617196546
2024-01-01 07:35:00,73.2155291350861
2024-01-01 07:36:00,74.57885027145522
2024-01-01 07:37:00,72.713975508121
2024-01-01 07:38:00,73.6686238443506
2024-01-01 07:39:00,72.3715422847463
2024-01-01 07:40:00,78.68803743738628
2024-01-01 07:41:00,74.82031703948296
2024-01-01 07:42:00,73.3414555231489
2024-01-01 07:43:00,75.15989698270039
2024-01-01 07:44:00,74.4982258829854
2024-01-01 07:45:00,74.27180198564275
2024-01-01 07:46:00,75.93284835214727
2024-01-01 07:47:00,76.21021888994626
2024-01-01 07:48:00,73.62480462991799
2024-01-01 07:49:00,73.52468902531118
2024-01-01 07:50:00,74.11665601022887
2024-01-01 07:51:00,70.05326648137326
2024-01-01 07:52:00,71.61699179466157
2024-01-01 07:53:00,77.37130345919249
2024-01-01 07:54:00,77.91758745031319
2024-01-01 07:55:00,74.11959333529911
2024-01-01 07:56:00,75.76070922364617
2024-01-01 07:57:00,75.2199421832856
2024-01-01 07:58:00,80.74496696442182
2024-01-01 07:59:00,76.81603574503443
2024-01-01 08:00:00,74.31064862147144
2024-01-01 08:01:00,72.6449183209628
2024-01-01 08:02:00,71.33253968426389
2024-01-01 08:03:00,74.94171065500392
2024-01-01 08:04:00,73.01135109962124
2024-01-01 08:05:00,71.66873274046017
2024-01-01 08:06:00,73.2092005388533
2024-01-01 08:07:00,72.32827524323363
2024-01-01 08:08:00,77.85459847794517
2024-01-01 08:09:00,76.2324579135664
2024-01-01 08:10:00,74.44201576528761
2024-01-01 08:11:00,77.4065516537318
2024-01-01 08:12:00,74.59002222397835
2024-01-01 08:13:00,72.70125956990846
2024-01-01 08:14:00,77.4585388501093
2024-01-01 08:15:00,75.4784940945585
2024-01-01 08:16:00,72.31448582977464
2024-01-01 08:17:00,73.99652596563247
2024-01-01 08:18:00,72.61411328455578
2024-01-01 08:19:00,71.58781832059617
2024-01-01 08:20:00,76.19376262747818
2024-01-01 08:21:00,78.148152560444
2024-01-01 08:22:00,71.52001811614846
2024-01-01 08:23:00,75.43084820012304
2024-01-01 08:24:00,72.99130377308143
2024-01-01 08:25:00,73.30594029443613
2024-01-01 08:26:00,73.08292857608332
2024-01-01 08:27:00,72.52718370711392
2024-01-01 08:28:00,74.33958103241372
2024-01-01 08:29:00,72.5679340321661
2024-01-01 08:30:00,74.7579686151509
2024-01-01 08:31:00,74.1037239066052
2024-01-01 08:32:00,73.71337391160247
2024-01-01 08:33:00,72.36313753504912
2024-01-01 08:34:00,73.01164228323384
2024-01-01 08:35:00,75.66281297160285
2024-01-01 08:36:00,75.14063622144558
2024-01-01 08:37:00,72.17038869524738
2024-01-01 08:38:00,74.31078740990095
2024-01-01 08:39:00,75.6014472000881
2024-01-01 08:40:00,70.74633935146201
2024-01-01 08:41:00,75.15827433223274
2024-01-01 08:42:00,72.73263780549716
2024-01-01 08:43:00,75.18534164876425
2024-01-01 08:44:00,72.50381287046038
2024-01-01 08:45:00,70.40668201084243
2024-01-01 08:46:00,70.74740479593969
2024-01-01 08:47:00,74.08463173108613
2024-01-01 08:48:00,74.49380799076009
2024-01-01 08:49:00,72.15156014848596
2024-01-01 08:50:00,75.2231382691272
2024-01-01 08:51:00,70.60860300243165
2024-01-01 08:52:00,73.78510340994886
2024-01-01 08:53:00,71.4807808765592
2024-01-01 08:54:00,72.58462200290414
2024-01-01 08:55:00,73.96850346348818
2024-01-01 08:56:00,72.13822254021186
2024-01-01 08:57:00,73.07521286878782
2024-01-01 08:58:00,75.8421160889584
2024-01-01 08:59:00,72.66088536315036
2024-01-01 09:00:00,75.47112436924412
2024-01-01 09:01:00,71.52533018411931
2024-01-01 09:02:00,74.82928899842582
2024-01-01 09:03:00,76.63768793062562
2024-01-01 09:04:00,68.79606533130914
2024-01-01 09:05:00,72.13030135766749
2024-01-01 09:06:00,74.8629078553169
2024-01-01 09:07:00,73.28727905828625
2024-01-01 09:08:00,74.42020260661549
2024-01-01 09:09:00,72.45441662028429
2024-01-01 09:10:00,73.81997811234271
2024-01-01 09:11:00,73.31979132685849
2024-01-01 09:12:00,75.95099320572524
2024-01-01 09:13:00,74.1084903874604
2024-01-01 09:14:00,74.25901028753606
2024-01-01 09:15:00,72.74414424933748
2024-01-01 09:16:00,72.5767162200991
2024-01-01 09:17:00,72.67078036172313
2024-01-01 09:18:00,74.30870698887564
2024-01-01 09:19:00,72.66167792323925
2024-01-01 09:20:00,74.06697931098111
2024-01-01 09:21:00,77.62195275705096
2024-01-01 09:22:00,75.19706129933996
2024-01-01 09:23:00,72.78636505204321
2024-01-01 09:24:00,75.82437999798962
2024-01-01 09:25:00,72.58928158162418
2024-01-01 09:26:00,69.31260389252327
2024-01-01 09:27:00,71.35604176308063
2024-01-01 09:28:00,69.6139330784724
2024-01-01 09:29:00,72.63573392949253
2024-01-01 09:30:00,73.35878340343422
2024-01-01 09:31:00,76.65794911761131
2024-01-01 09:32:00,73.94199952032093
2024-01-01 09:33:00,72.83295675893108
2024-01-01 09:34:00,74.91292512008566
2024-01-01 09:35:00,68.8147429127606
2024-01-01 09:36:00,73.69108598749166
2024-01-01 09:37:00,74.74437470361183
2024-01-01 09:38:00,70.22820371059711
2024-01-01 09:39:00,75.45556095539473
2024-01-01 09:40:00,73.82766747110128
2024-01-01 09:41:00,72.30266607659858
2024-01-01 09:42:00,74.38131868794505
2024-01-01 09:43:00,77.63959986863983
2024-01-01 09:44:00,73.44435235036127
2024-01-01 09:45:00,73.55941353494146
2024-01-01 09:46:00,72.12655026622227
2024-01-01 09:47:00,71.32783055718976
2024-01-01 09:48:00,74.67038603586862
2024-01-01 09:49:00,71.27969008245068
2024-01-01 09:50:00,73.11708211499342
2024-01-01 09:51:00,72.00067557905938
2024-01-01 09:52:00,73.89594023379067
2024-01-01 09:53:00,73.58724453314494
2024-01-01 09:54:00,74.97688993577681
2024-01-01 09:55:00,71.86361731346368
2024-01-01 09:56:00,72.32569099947301
2024-01-01 09:57:00,70.88965524904837
2024-01-01 09:58:00,71.94028938030606
2024-01-01 09:59:00,73.5651218742371
2024-01-01 10:00:00,74.30609523644243
2024-01-01 10:01:00,70.92933695750006
2024-01-01 10:02:00,74.49438189775931
2024-01-01 10:03:00,75.44790143802848
2024-01-01 10:04:00,73.5449047639953
2024-01-01 10:05:00,76.45298975801802
2024-01-01 10:06:00,71.13313721311752
2024-01-01 10:07:00,70.17267835190871
2024-01-01 10:08:00,69.08577444329354
2024-01-01 10:09:00,75.6164861494515
2024-01-01 10:10:00,73.91426719563982
2024-01-01 10:11:00,72.47546103778716
2024-01-01 10:12:00,73.1276186391084
2024-01-01 10:13:00,70.2977111797126
2024-01-01 10:14:00,77.42115837398117
2024-01-01 10:15:00,72.76901954416638
2024-01-01 10:16:00,72.7102475331649
2024-01-01 10:17:00,73.92383032780373
2024-01-01 10:18:00,73.41511342667802
2024-01-01 10:19:00,72.88162001772952
2024-01-01 10:20:00,70.83361956341645
2024-01-01 10:21:00,73.33818157005695
2024-01-01 10:22:00,76.13993048449281
2024-01-01 10:23:00,75.04731885258597
2024-01-01 10:24:00,75.52341029470975
2024-01-01 10:25:00,71.29512536233463
2024-01-01 10:26:00,70.31882852198247
2024-01-01 10:27:00,72.02690792479379
2024-01-01 10:28:00,72.37033772963059
2024-01-01 10:29:00,74.42764000271187
2024-01-01 10:30:00,68.8346600715107
2024-01-01 10:31:00,75.25898602398205
2024-01-01 10:32:00,71.86412971616227
2024-01-01 10:33:00,71.30660796169748
2024-01-01 10:34:00,70.11635078590801
2024-01-01 10:35:00,68.81100086131829
2024-01-01 10:36:00,73.74717566326495
2024-01-01 10:37:00,72.22755673021875
2024-01-01 10:38:00,69.48105169625795
2024-01-01 10:39:00,69.4508354407366
2024-01-01 10:40:00,71.34941025509451
2024-01-01 10:41:00,75.33897694383894
2024-01-01 10:42:00,71.46167339259824
2024-01-01 10:43:00,68.95446074595077
2024-01-01 10:44:00,71.4491198285925
2024-01-01 10:45:00,71.37498726307774
2024-01-01 10:46:00,66.5064590978337
2024-01-01 10:47:00,71.77141056184463
2024-01-01 10:48:00,71.39786947090384
2024-01-01 10:49:00,73.23186021849011
2024-01-01 10:50:00,75.51703975377896
2024-01-01 10:51:00,74.05190921242422
2024-01-01 10:52:00,71.2406252735504
2024-01-01 10:53:00,69.54494664841009
2024-01-01 10:54:00,76.88428659206747
2024-01-01 10:55:00,71.83554548077127
2024-01-01 10:56:00,71.72448233081491
2024-01-01 10:57:00,71.62786261416501
2024-01-01 10:58:00,72.05174565904046
2024-01-01 10:59:00,71.34629337156477
2024-01-01 11:00:00,70.46710334989473
2024-01-01 11:01:00,70.50009816177267
2024-01-01 11:02:00,71.50767409926333
2024-01-01 11:03:00,70.46567201066036
2024-01-01 11:04:00,70.1061476219954
2024-01-01 11:05:00,71.72399440218709
2024-01-01 11:06:00,70.98045180072535
2024-01-01 11:07:00,74.47764243551333
2024-01-01 11:08:00,66.14694540348756
2024-01-01 11:09:00,73.61110603072947
2024-01-01 11:10:00,73.89944916912187
2024-01-01 11:11:00,67.2396643335268
2024-01-01 11:12:00,70.68021558810636
2024-01-01 11:13:00,70.60183539302193
2024-01-01 11:14:00,68.50880086263612
2024-01-01 11:15:00,69.74727919011575
2024-01-01 11:16:00,69.06083078197351
2024-01-01 11:17:00,74.76557527030735
2024-01-01 11:18:00,73.11142549216564
2024-01-01 11:19:00,73.76219603936907
2024-01-01 11:20:00,72.641430351648
2024-01-01 11:21:00,68.91896669586953
2024-01-01 11:22:00,70.10699777125144
2024-01-01 11:23:00,72.11373995304535
2024-01-01 11:24:00,68.66967261165885
2024-01-01 11:25:00,72.51884777180706
2024-01-01 11:26:00,70.59110849170402
2024-01-01 11:27:00,70.30101215566252
2024-01-01 11:28:00,72.45145470800331
2024-01-01 11:29:00,71.89692932566308
2024-01-01 11:30:00,70.26532564482356
2024-01-01 11:31:00,73.28476061229432
2024-01-01 11:32:00,68.78280554769425
2024-01-01 11:33:00,72.1556231954513
2024-01-01 11:34:00,72.08876327084276
2024-01-01 11:35:00,70.26226605783962
2024-01-01 11:36:00,71.5124129844776
2024-01-01 11:37:00,68.33669802665254
2024-01-01 11:38:00,72.66574810729668
2024-01-01 11:39:00,70.42664974979087
2024-01-01 11:40:00,69.72975941424153
2024-01-01 11:41:00,72.85196723300203
2024-01-01 11:42:00,69.32399703452887
2024-01-01 11:43:00,67.89449018034914
2024-01-01 11:44:00,67.57687592174307
2024-01-01 11:45:00,71.88086922065727
2024-01-01 11:46:00,68.08669963093978
2024-01-01 11:47:00,74.13585010210437
2024-01-01 11:48:00,66.44110112436118
2024-01-01 11:49:00,73.97656609414327
2024-01-01 11:50:00,70.98437734058771
2024-01-01 11:51:00,70.34760127807209
2024-01-01 11:52:00,69.42987088673826
2024-01-01 11:53:00,71.29665972648566
2024-01-01 11:54:00,70.40179382526803
2024-01-01 11:55:00,72.66234043747806
2024-01-01 11:56:00,70.6628635412114
2024-01-01 11:57:00,70.71368188052804
2024-01-01 11:58:00,69.66452300635558
2024-01-01 11:59:00,70.25652463218948
2024-01-01 12:00:00,70.9646876581525
2024-01-01 12:01:00,66.90741578390345
2024-01-01 12:02:00,67.61005079818429
2024-01-01 12:03:00,71.77161994415812
2024-01-01 12:04:00,70.60549420281086
2024-01-01 12:05:00,69.87447009717691
2024-01-01 12:06:00,70.25798036834927
2024-01-01 12:07:00,70.8949543503672
2024-01-01 12:08:00,69.09895313756843
2024-01-01 12:09:00,68.60054814301292
2024-01-01 12:10:00,70.52753715263216
2024-01-01 12:11:00,68.15779450464132
2024-01-01 12:12:00,70.9097437732933
2024-01-01 12:13:00,66.66677445559198
2024-01-01 12:14:00,72.1089619566853
2024-01-01 12:15:00,70.97456069603523
2024-01-01 12:16:00,70.52014669555149
2024-01-01 12:17:00,71.95219755227664
2024-01-01 12:18:00,73.2965001075969
2024-01-01 12:19:00,71.97303467475665
2024-01-01 12:20:00,66.24129751465988
2024-01-01 12:21:00,67.34265199764573
2024-01-01 12:22:00,68.63093766518551
2024-01-01 12:23:00,69.91153516042829
2024-01-01 12:24:00,70.87345910447064
2024-01-01 12:25:00,68.36545161878708
2024-01-01 12:26:00,70.16928154739139
2024-01-01 12:27:00,68.26380193239932
2024-01-01 12:28:00,68.53036338845028
2024-01-01 12:29:00,66.91891982984183
2024-01-01 12:30:00,67.86463080508719
2024-01-01 12:31:00,66.986596017171
2024-01-01 12:32:00,67.71709972328364
2024-01-01 12:33:00,71.75502430519539
2024-01-01 12:34:00,67.72785131087383
2024-01-01 12:35:00,74.87033590023205
2024-01-01 12:36:00,70.57114497117226
2024-01-01 12:37:00,69.93313394357875
2024-01-01 12:38:00,67.8257142013336
2024-01-01 12:39:00,70.92203353525646
2024-01-01 12:40:00,68.34913849814369
2024-01-01 12:41:00,69.72345092342
2024-01-01 12:42:00,74.57863469307749
2024-01-01 12:43:00,69.24539772764552
2024-01-01 12:44:00,71.71513408727385
2024-01-01 12:45:00,67.98932289767646
2024-01-01 12:46:00,69.30480589399255
2024-01-01 12:47:00,72.89551049500396
2024-01-01 12:48:00,68.07912108608136
2024-01-01 12:49:00,72.93711833186725
2024-01-01 12:50:00,70.70691154402641
2024-01-01 12:51:00,68.14568142793787
2024-01-01 12:52:00,70.51465901976309
2024-01-01 12:53:00,71.17420266368639
2024-01-01 12:54:00,70.4519859776311
2024-01-01 12:55:00,66.04721137286936
2024-01-01 12:56:00,67.71270409542238
2024-01-01 12:57:00,68.65128208920166
2024-01-01 12:58:00,68.97681709754644
2024-01-01 12:59:00,70.34641683144616
2024-01-01 13:00:00,69.43988780645385
2024-01-01 13:01:00,66.39323514507504
2024-01-01 13:02:00,69.80378291362693
2024-01-01 13:03:00,70.24404774357862
2024-01-01 13:04:00,70.12197228311979
2024-01-01 13:05:00,71.1434944655415
2024-01-01 13:06:00,70.62934584320436
2024-01-01 13:07:00,69.8594575037968
2024-01-01 13:08:00,68.780389423754
2024-01-01 13:09:00,65.57845056907973
2024-01-01 13:10:00,69.73928894940191
2024-01-01 13:11:00,69.27513684300501
2024-01-01 13:12:00,69.38265737951048
2024-01-01 13:13:00,66.26577046464254
2024-01-01 13:14:00,66.6369525166104
2024-01-01 13:15:00,70.88519974990142
2024-01-01 13:16:00,68.6796430400997
2024-01-01 13:17:00,70.1016452994198
2024-01-01 13:18:00,68.77520285900077
2024-01-01 13:19:00,68.75803262531672
2024-01-01 13:20:00,70.55507462708817
2024-01-01 13:21:00,67.62643704782519
2024-01-01 13:22:00,68.83082075804002
2024-01-01 13:23:00,67.69411492724879
2024-01-01 13:24:00,67.72979334008554
2024-01-01 13:25:00,67.96059621663437
2024-01-01 13:26:00,69.00339744167512
2024-01-01 13:27:00,67.5818572433528
2024-01-01 13:28:00,71.03112686608621
2024-01-01 13:29:00,66.71069606462065
2024-01-01 13:30:00,68.10649974590731
2024-01-01 13:31:00,67.58114997839844
2024-01-01 13:32:00,71.3349740037144
2024-01-01 13:33:00,68.81457139052353
2024-01-01 13:34:00,70.46563236374027
2024-01-01 13:35:00,65.41134221249509
2024-01-01 13:36:00,68.8971217714625
2024-01-01 13:37:00,70.12288009970415
2024-01-01 13:38:00,68.48882312276591
2024-01-01 13:39:00,70.43589227582362
2024-01-01 13:40:00,67.251071130628
2024-01-01 13:41:00,71.08509991716656
2024-01-01 13:42:00,72.84499916723216
2024-01-01 13:43:00,67.50236493516559
2024-01-01 13:44:00,67.31791777698254
2024-01-01 13:45:00,71.09661453948787
2024-01-01 13:46:00,71.32995501715207
2024-01-01 13:47:00,67.10609855922469
2024-01-01 13:48:00,67.29249598620021
2024-01-01 13:49:00,67.5503948993473
2024-01-01 13:50:00,65.40620145145833
2024-01-01 13:51:00,66.2389811659295
2024-01-01 13:52:00,66.04923070796431
2024-01-01 13:53:00,66.50318925846707
2024-01-01 13:54:00,67.95073209232454
2024-01-01 13:55:00,68.46989450752515
2024-01-01 13:56:00,71.08387526520958
2024-01-01 13:57:00,65.96762186097443
2024-01-01 13:58:00,69.91447719109786
2024-01-01 13:59:00,67.49940430839725
2024-01-01 14:00:00,67.81005169254773
2024-01-01 14:01:00,69.24026308387495
2024-01-01 14:02:00,65.62687327626243
2024-01-01 14:03:00,68.61887862230834
2024-01-01 14:04:00,68.16875430525295
2024-01-01 14:05:00,68.80259248075528
2024-01-01 14:06:00,68.3779169652446
2024-01-01 14:07:00,72.69211969752392
2024-01-01 14:08:00,66.48802955890777
2024-01-01 14:09:00,66.68355644944172
2024-01-01 14:10:00,66.48136121288205
2024-01-01 14:11:00,66.59883135889937
2024-01-01 14:12:00,66.41720644926764
2024-01-01 14:13:00,70.05226099691237
2024-01-01 14:14:00,70.49753613363893
2024-01-01 14:15:00,66.49738757225676
2024-01-01 14:16:00,65.9565747007605
2024-01-01 14:17:00,68.54657615704033
2024-01-01 14:18:00,66.48181200703787
2024-01-01 14:19:00,68.83468897939858
2024-01-01 14:20:00,67.95729317272175
2024-01-01 14:21:00,64.50263556784873
2024-01-01 14:22:00,70.61186608682223
2024-01-01 14:23:00,71.09139847491652
2024-01-01 14:24:00,66.25690908825487
2024-01-01 14:25:00,66.68998292240937
2024-01-01 14:26:00,68.02007296490102
2024-01-01 14:27:00,68.10026880718144
2024-01-01 14:28:00,68.73151405228491
2024-01-01 14:29:00,71.4179624324776
2024-01-01 14:30:00,67.02684464743677
2024-01-01 14:31:00,65.767388590399
2024-01-01 14:32:00,64.58864715905551
2024-01-01 14:33:00,65.86878695723718
2024-01-01 14:34:00,67.24781372658514
2024-01-01 14:35:00,70.88666357337384
2024-01-01 14:36:00,66.24586528554877
2024-01-01 14:37:00,67.71226401080122
2024-01-01 14:38:00,67.2155030480944
2024-01-01 14:39:00,69.6088569497079
2024-01-01 14:40:00,72.26971796686746
2024-01-01 14:41:00,66.13795975004031
2024-01-01 14:42:00,66.20472437760117
2024-01-01 14:43:00,69.25589308589407
2024-01-01 14:44:00,68.5153847976702
2024-01-01 14:45:00,70.82910968808642
2024-01-01 14:46:00,68.28770766979395
2024-01-01 14:47:00,66.38548673602025
2024-01-01 14:48:00,68.26966386374197
2024-01-01 14:49:00,69.29010862376892
2024-01-01 14:50:00,68.6980773686788
2024-01-01 14:51:00,68.05613720234174
2024-01-01 14:52:00,69.15947954880608
2024-01-01 14:53:00,69.34932757993552
2024-01-01 14:54:00,69.75972611346661
2024-01-01 14:55:00,68.27756544361557
2024-01-01 14:56:00,66.63071315005647
2024-01-01 14:57:00,67.24324673027138
2024-01-01 14:58:00,69.34777403958216
2024-01-01 14:59:00,65.2858885129117
2024-01-01 15:00:00,67.64217751554914
2024-01-01 15:01:00,66.10329190481578
2024-01-01 15:02:00,66.93266568862217
2024-01-01 15:03:00,69.41735445443483
2024-01-01 15:04:00,67.22799201518445
2024-01-01 15:05:00,66.92407887780384
2024-01-01 15:06:00,64.09697444195606
2024-01-01 15:07:00,68.29474412481096
2024-01-01 15:08:00,68.07882523531258
2024-01-01 15:09:00,71.10005609503847
2024-01-01 15:10:00,66.14375013139923
2024-01-01 15:11:00,67.18343766801075
2024-01-01 15:12:00,67.22980552965815
2024-01-01 15:13:00,69.87191688782094
2024-01-01 15:14:00,66.51246272305463
2024-01-01 15:15:00,67.24721186799526
2024-01-01 15:16:00,67.89114870785514
2024-01-01 15:17:00,67.03483292292385
2024-01-01 15:18:00,65.75507882342608
2024-01-01 15:19:00,67.02253007209187
2024-01-01 15:20:00,68.76809054637502
2024-01-01 15:21:00,64.55434660213538
2024-01-01 15:22:00,66.85994016344927
2024-01-01 15:23:00,65.18045652392483
2024-01-01 15:24:00,68.95756273789834
2024-01-01 15:25:00,63.507941246061954
2024-01-01 15:26:00,65.4233914463245
2024-01-01 15:27:00,67.28265374479373
2024-01-01 15:28:00,69.6463479329652
2024-01-01 15:29:00,66.3709445142628
2024-01-01 15:30:00,65.37926668162542
2024-01-01 15:31:00,70.23927636235713
2024-01-01 15:32:00,63.56830695269397
2024-01-01 15:33:00,62.054171662198776
2024-01-01 15:34:00,67.31933783814115
2024-01-01 15:35:00,65.42280263996969
2024-01-01 15:36:00,64.37212463899667
2024-01-01 15:37:00,67.81905963081196
2024-01-01 15:38:00,66.87778214803866
2024-01-01 15:39:00,65.24993520611164
2024-01-01 15:40:00,63.80547342013337
2024-01-01 15:41:00,68.09906486523498
2024-01-01 15:42:00,67.64269903411765
2024-01-01 15:43:00,66.1321701340137
2024-01-01 15:44:00,70.01209998490614
2024-01-01 15:45:00,64.1670397717777
2024-01-01 15:46:00,63.24462168558554
2024-01-01 15:47:00,64.90039825155439
2024-01-01 15:48:00,66.18166459133727
2024-01-01 15:49:00,66.74821785072456
2024-01-01 15:50:00,65.76784948461984
2024-01-01 15:51:00,66.94329558522854
2024-01-01 15:52:00,63.72504990115669
2024-01-01 15:53:00,69.10468290080817
2024-01-01 15:54:00,66.04195748355934
2024-01-01 15:55:00,68.43003907298643
2024-01-01 15:56:00,66.87016730948594
2024-01-01 15:57:00,67.08757411352852
2024-01-01 15:58:00,67.30303535830076
2024-01-01 15:59:00,67.04843331560166
2024-01-01 16:00:00,67.42805959756983
2024-01-01 16:01:00,68.79059971275353
2024-01-01 16:02:00,66.51510046520441
2024-01-01 16:03:00,67.52991221764238
2024-01-01 16:04:00,65.92236319701368
2024-01-01 16:05:00,68.97208240758832
2024-01-01 16:06:00,64.72916047157803
2024-01-01 16:07:00,69.67400694676296
2024-01-01 16:08:00,65.98207528786689
2024-01-01 16:09:00,63.19119039123174
2024-01-01 16:10:00,66.29938332322104
2024-01-01 16:11:00,64.6715897599112
2024-01-01 16:12:00,67.70558362812581
2024-01-01 16:13:00,64.70973708933481
2024-01-01 16:14:00,65.11339194886125
2024-01-01 16:15:00,62.21753655574188
2024-01-01 16:16:00,65.0829502002699
2024-01-01 16:17:00,61.130834807608025
2024-01-01 16:18:00,62.80190441748907
2024-01-01 16:19:00,67.48174214073511
2024-01-01 16:20:00,67.52380224737766
2024-01-01 16:21:00,66.79449266852497
2024-01-01 16:22:00,64.00108756078183
2024-01-01 16:23:00,65.8311662963517
2024-01-01 16:24:00,65.91102012220809
2024-01-01 16:25:00,63.59321921290459
2024-01-01 16:26:00,68.90855595219764
2024-01-01 16:27:00,67.64838221932223
2024-01-01 16:28:00,65.44371527614486
2024-01-01 16:29:00,65.93148914587218
2024-01-01 16:30:00,66.28664494694772
2024-01-01 16:31:00,61.7786596354309
2024-01-01 16:32:00,65.36011298380822
2024-01-01 16:33:00,64.48292612036842
2024-01-01 16:34:00,63.836170108947954
2024-01-01 16:35:00,65.26981385242327
2024-01-01 16:36:00,69.42008074896684
2024-01-01 16:37:00,67.0991757713254
2024-01-01 16:38:00,64.66800366633751
2024-01-01 16:39:00,66.948488194751
2024-01-01 16:40:00,68.59508402410162
2024-01-01 16:41:00,67.63878071042603
2024-01-01 16:42:00,65.90200409320659
2024-01-01 16:43:00,64.48218976041825
2024-01-01 16:44:00,67.16591999610482
2024-01-01 16:45:00,66.54994441852449
2024-01-01 16:46:00,67.5469507257448
2024-01-01 16:47:00,67.02058901799377
2024-01-01 16:48:00,67.84312259514316
2024-01-01 16:49:00,64.66740924046641
2024-01-01 16:50:00,68.36662116969184
2024-01-01 16:51:00,66.1210766232078
2024-01-01 16:52:00,69.87053465811417
2024-01-01 16:53:00,64.33586402070536
2024-01-01 16:54:00,69.18048537181588
2024-01-01 16:55:00,66.0987889234495
2024-01-01 16:56:00,64.39463253888594
2024-01-01 16:57:00,64.7242897805161
2024-01-01 16:58:00,65.04605156028425
2024-01-01 16:59:00,66.52985473393147
2024-01-01 17:00:00,66.72206252717551
2024-01-01 17:01:00,64.52395240608706
2024-01-01 17:02:00,65.61769635078862
2024-01-01 17:03:00,69.94609173621222
2024-01-01 17:04:00,69.11187530728338
2024-01-01 17:05:00,66.52476681926021
2024-01-01 17:06:00,65.72354961237188
2024-01-01 17:07:00,65.88312124567825
2024-01-01 17:08:00,66.86570332901307
2024-01-01 17:09:00,63.58878399282123
2024-01-01 17:10:00,65.1154108278714
2024-01-01 17:11:00,62.288883664002384
2024-01-01 17:12:00,66.42047918347666
2024-01-01 17:13:00,66.91249924780162
2024-01-01 17:14:00,64.64790226192257
2024-01-01 17:15:00,68.75851000181486
2024-01-01 17:16:00,63.155359989343054
2024-01-01 17:17:00,62.674590025468085
2024-01-01 17:18:00,66.04878560121722
2024-01-01 17:19:00,67.69071453065668
2024-01-01 17:20:00,68.96110312647677
2024-01-01 17:21:00,64.67230296462401
2024-01-01 17:22:00,67.74435090278538
2024-01-01 17:23:00,65.50698410953815
2024-01-01 17:24:00,65.23585239483292
2024-01-01 17:25:00,67.34562701412884
2024-01-01 17:26:00,66.8802473016011
2024-01-01 17:27:00,62.42020595871709
2024-01-01 17:28:00,68.52355408165774
2024-01-01 17:29:00,68.32823363914737
2024-01-01 17:30:00,64.3145975713227
2024-01-01 17:31:00,66.35509663346367
2024-01-01 17:32:00,66.54941113227179
2024-01-01 17:33:00,66.08065413565086
2024-01-01 17:34:00,64.45674684029258
2024-01-01 17:35:00,64.21225570247032
2024-01-01 17:36:00,65.50263437800176
2024-01-01 17:37:00,67.89753547450222
2024-01-01 17:38:00,66.63770753680922
2024-01-01 17:39:00,64.80780327019161
2024-01-01 17:40:00,67.09104901516959
2024-01-01 17:41:00,59.8492810007362
2024-01-01 17:42:00,67.84270731351616
2024-01-01 17:43:00,62.06465308086967
2024-01-01 17:44:00,64.81819856656581
2024-01-01 17:45:00,63.30283558495941
2024-01-01 17:46:00,62.95200248829072
2024-01-01 17:47:00,67.86230424566557
2024-01-01 17:48:00,64.60462868827553
2024-01-01 17:49:00,66.23251448451107
2024-01-01 17:50:00,65.44523642313085
2024-01-01 17:51:00,66.49282534257834
2024-01-01 17:52:00,65.69214884079699
2024-01-01 17:53:00,62.97237725822721
2024-01-01 17:54:00,67.53084728307553
2024-01-01 17:55:00,64.55084771553334
2024-01-01 17:56:00,62.42533963094097
2024-01-01 17:57:00,64.68251096827778
2024-01-01 17:58:00,68.54059405396966
2024-01-01 17:59:00,67.23994646314212
2024-01-01 18:00:00,64.84272254139925
2024-01-01 18:01:00,64.84213055750931
2024-01-01 18:02:00,64.89809034200223
2024-01-01 18:03:00,69.69566620812016
2024-01-01 18:04:00,66.3069462543874
2024-01-01 18:05:00,66.40415905787317
2024-01-01 18:06:00,67.605738380222
2024-01-01 18:07:00,66.02394078262193
2024-01-01 18:08:00,65.02956443590764
2024-01-01 18:09:00,65.15633054793862
2024-01-01 18:10:00,65.40730448461323
2024-01-01 18:11:00,65.4776345079058
2024-01-01 18:12:00,67.0090052453976
2024-01-01 18:13:00,65.65940028439816
2024-01-01 18:14:00,67.02264617526961
2024-01-01 18:15:00,65.3978854961902
2024-01-01 18:16:00,65.71863677242796
2024-01-01 18:17:00,61.567107828431816
2024-01-01 18:18:00,67.39840239159298
2024-01-01 18:19:00,66.26105684453566
2024-01-01 18:20:00,67.56652793392695
2024-01-01 18:21:00,59.78051971345061
2024-01-01 18:22:00,69.75239753062822
2024-01-01 18:23:00,65.2991813712106
2024-01-01 18:24:00,67.797533580494
2024-01-01 18:25:00,63.504258181320694
2024-01-01 18:26:00,66.81261465750858
2024-01-01 18:27:00,63.483327208504896
2024-01-01 18:28:00,64.34580652717968
2024-01-01 18:29:00,69.4246878450634
2024-01-01 18:30:00,65.21863554658725
2024-01-01 18:31:00,66.03833577246708
2024-01-01 18:32:00,67.34716957607142
2024-01-01 18:33:00,66.60205633140106
2024-01-01 18:34:00,65.91528309846484
2024-01-01 18:35:00,66.34821425577842
2024-01-01 18:36:00,70.42906455012732
2024-01-01 18:37:00,65.51103101491967
2024-01-01 18:38:00,66.03259596488489
2024-01-01 18:39:00,67.73592988987836
2024-01-01 18:40:00,67.84999008314392
2024-01-01 18:41:00,68.01740976789667
2024-01-01 18:42:00,66.9253142860032
2024-01-01 18:43:00,63.36644237092432
2024-01-01 18:44:00,68.92400720656423
2024-01-01 18:45:00,63.369238812718145
2024-01-01 18:46:00,66.27207941554144
2024-01-01 18:47:00,64.16322901736328
2024-01-01 18:48:00,65.54856951732218
2024-01-01 18:49:00,66.33952969794758
2024-01-01 18:50:00,66.32997105998228
2024-01-01 18:51:00,66.53644288360982
2024-01-01 18:52:00,68.92546156126524
2024-01-01 18:53:00,66.61063808199935
2024-01-01 18:54:00,65.2208793761225
2024-01-01 18:55:00,67.6430827652486
2024-01-01 18:56:00,68.09965770328584
2024-01-01 18:57:00,63.27140180552104
2024-01-01 18:58:00,66.9274105964823
2024-01-01 18:59:00,67.14104116829641
2024-01-01 19:00:00,65.14974600326863
2024-01-01 19:01:00,68.50255595410944
2024-01-01 19:02:00,65.45739235211013
2024-01-01 19:03:00,66.01510940125472
2024-01-01 19:04:00,65.4243574698343
2024-01-01 19:05:00,65.8082953783684
2024-01-01 19:06:00,63.59131469794534
2024-01-01 19:07:00,62.91058200007516
2024-01-01 19:08:00,68.98660396976953
2024-01-01 19:09:00,64.11067228705828
2024-01-01 19:10:00,63.82890236353277
2024-01-01 19:11:00,61.5120897266853
2024-01-01 19:12:00,64.54822003524846
2024-01-01 19:13:00,63.187328076696176
2024-01-01 19:14:00,69.1249925419517
2024-01-01 19:15:00,67.86814125122724
2024-01-01 19:16:00,64.47984139143449
2024-01-01 19:17:00,70.3687387240823
2024-01-01 19:18:00,67.83521300359095
2024-01-01 19:19:00,65.22992392395591
2024-01-01 19:20:00,60.88876952657257
2024-01-01 19:21:00,70.47754982795057
2024-01-01 19:22:00,63.1246927922101
2024-01-01 19:23:00,62.62130244502379
2024-01-01 19:24:00,67.96559203840236
2024-01-01 19:25:00,70.80839609506837
2024-01-01 19:26:00,68.70596574860043
2024-01-01 19:27:00,67.07385574898667
2024-01-01 19:28:00,67.14425200286966
2024-01-01 19:29:00,67.67036850466737
2024-01-01 19:30:00,67.49027673303186
2024-01-01 19:31:00,66.54377250672636
2024-01-01 19:32:00,66.19884974951549
2024-01-01 19:33:00,65.87440678297544
2024-01-01 19:34:00,64.50089680771582
2024-01-01 19:35:00,65.4567960614084
2024-01-01 19:36:00,62.64163993130407
2024-01-01 19:37:00,65.8403685956996
2024-01-01 19:38:00,64.0694466981465
2024-01-01 19:39:00,63.849117941610274
2024-01-01 19:40:00,66.42583896759474
2024-01-01 19:41:00,68.85989557644595
2024-01-01 19:42:00,67.92245062537953
2024-01-01 19:43:00,62.95482850718111
2024-01-01 19:44:00,64.12667145242149
2024-01-01 19:45:00,67.99765363976907
2024-01-01 19:46:00,64.16140535742532
2024-01-01 19:47:00,65.68746788145204
2024-01-01 19:48:00,67.2472773848067
2024-01-01 19:49:00,64.22100806122175
2024-01-01 19:50:00,66.37905635520859
2024-01-01 19:51:00,63.510947120107694
2024-01-01 19:52:00,64.98703978980355
2024-01-01 19:53:00,66.84019991855664
2024-01-01 19:54:00,63.02559336304526
2024-01-01 19:55:00,67.10355869400794
2024-01-01 19:56:00,66.19444541562976
2024-01-01 19:57:00,67.34989592281666
2024-01-01 19:58:00,66.70402228381371
2024-01-01 19:59:00,68.99583567305396
2024-01-01 20:00:00,66.52944720448241
2024-01-01 20:01:00,65.43171288303891
2024-01-01 20:02:00,66.54672690727276
2024-01-01 20:03:00,67.40041785324254
2024-01-01 20:04:00,66.42331357448995
2024-01-01 20:05:00,66.41862998472814
2024-01-01 20:06:00,64.94539770855329
2024-01-01 20:07:00,65.03559482627719
2024-01-01 20:08:00,63.56828257081304
2024-01-01 20:09:00,69.884823708554
2024-01-01 20:10:00,63.91020129127519
2024-01-01 20:11:00,65.0244551142957
2024-01-01 20:12:00,64.98586870884401
2024-01-01 20:13:00,68.22502947901943
2024-01-01 20:14:00,65.85785838001551
2024-01-01 20:15:00,68.95589818948834
2024-01-01 20:16:00,65.12616816750639
2024-01-01 20:17:00,67.04395194333921
2024-01-01 20:18:00,64.82816231154315
2024-01-01 20:19:00,70.80212583278508
2024-01-01 20:20:00,64.14968002059642
2024-01-01 20:21:00,67.15764544351578
2024-01-01 20:22:00,67.81876259158405
2024-01-01 20:23:00,67.39208923131535
2024-01-01 20:24:00,66.20727508169068
2024-01-01 20:25:00,66.3316452741901
2024-01-01 20:26:00,66.6924225563727
2024-01-01 20:27:00,66.32438496436967
2024-01-01 20:28:00,68.55981272333432
2024-01-01 20:29:00,71.06684193094972
2024-01-01 20:30:00,65.54462945923008
2024-01-01 20:31:00,63.93389958113167
2024-01-01 20:32:00,66.51090910886812
2024-01-01 20:33:00,71.86093444363539
2024-01-01 20:34:00,65.10828383442934
2024-01-01 20:35:00,70.00805816297262
2024-01-01 20:36:00,70.09949188059625
2024-01-01 20:37:00,65.65125332558604
2024-01-01 20:38:00,67.91080911627942
2024-01-01 20:39:00,70.04412268016642
2024-01-01 20:40:00,66.04363348837593
2024-01-01 20:41:00,66.40936057898331
2024-01-01 20:42:00,65.66786432309023
2024-01-01 20:43:00,64.81648979354773
2024-01-01 20:44:00,65.56229724870045
2024-01-01 20:45:00,64.42789259559429
2024-01-01 20:46:00,66.95893228737818
2024-01-01 20:47:00,65.36588226564332
2024-01-01 20:48:00,67.38853480575173
2024-01-01 20:49:00,63.82437654267893
2024-01-01 20:50:00,67.61320347058886
2024-01-01 20:51:00,68.63384613692037
2024-01-01 20:52:00,62.994731889546664
2024-01-01 20:53:00,67.74580074446209
2024-01-01 20:54:00,69.46857920320264
2024-01-01 20:55:00,64.60958169077692
2024-01-01 20:56:00,70.38969961984111
2024-01-01 20:57:00,67.89835230138817
2024-01-01 20:58:00,65.66611803519203
2024-01-01 20:59:00,66.98049879079004
2024-01-01 21:00:00,68.22465341237947
2024-01-01 21:01:00,67.27604015842965
2024-01-01 21:02:00,68.21763799972878
2024-01-01 21:03:00,65.31494202152054
2024-01-01 21:04:00,67.51124030358746
2024-01-01 21:05:00,64.3613850646518
2024-01-01 21:06:00,66.98272299268143
2024-01-01 21:07:00,65.41378624094547
2024-01-01 21:08:00,65.76703309513341
2024-01-01 21:09:00,69.72683553023583
2024-01-01 21:10:00,69.45389005745774
2024-01-01 21:11:00,68.5062308241496
2024-01-01 21:12:00,65.12007764010495
2024-01-01 21:13:00,66.68869836844436
2024-01-01 21:14:00,69.7645859664546
2024-01-01 21:15:00,67.63876258052119
2024-01-01 21:16:00,72.01098859463828
2024-01-01 21:17:00,68.176028214998
2024-01-01 21:18:00,67.7906157350501
2024-01-01 21:19:00,66.80547116689675
2024-01-01 21:20:00,67.70803380733864
2024-01-01 21:21:00,67.15332121742662
2024-01-01 21:22:00,68.89184780545787
2024-01-01 21:23:00,69.40646499542348
2024-01-01 21:24:00,65.93857137566347
2024-01-01 21:25:00,64.8656340255867
2024-01-01 21:26:00,63.87329819864462
2024-01-01 21:27:00,68.5793596607675
2024-01-01 21:28:00,65.37437057931851
2024-01-01 21:29:00,63.293107784688615
2024-01-01 21:30:00,68.39388942324393
2024-01-01 21:31:00,72.62063222664767
2024-01-01 21:32:00,67.64044974856388
2024-01-01 21:33:00,69.34758856982553
2024-01-01 21:34:00,67.85233792278044
2024-01-01 21:35:00,67.50902848453632
2024-01-01 21:36:00,69.56314540650823
2024-01-01 21:37:00,67.16268372899191
2024-01-01 21:38:00,68.29631321135118
2024-01-01 21:39:00,68.4232750111624
2024-01-01 21:40:00,66.46210401644585
2024-01-01 21:41:00,69.80082951579575
2024-01-01 21:42:00,67.48533922194599
2024-01-01 21:43:00,66.34233601715268
2024-01-01 21:44:00,68.94546696180889
2024-01-01 21:45:00,66.09418524186765
2024-01-01 21:46:00,67.96621009673503
2024-01-01 21:47:00,67.91038866353063
2024-01-01 21:48:00,70.11924861309241
2024-01-01 21:49:00,68.91573637210965
2024-01-01 21:50:00,67.93521966362873
2024-01-01 21:51:00,69.63979075269914
2024-01-01 21:52:00,70.80370837151409
2024-01-01 21:53:00,69.15799919799285
2024-01-01 21:54:00,68.08221897508484
2024-01-01 21:55:00,65.45702590382632
2024-01-01 21:56:00,65.96970480230101
2024-01-01 21:57:00,67.50876524930442
2024-01-01 21:58:00,66.91952119480459
2024-01-01 21:59:00,67.78398198679663
2024-01-01 22:00:00,68.29065112881257
2024-01-01 22:01:00,69.25621080575127
2024-01-01 22:02:00,68.07534872896751
2024-01-01 22:03:00,69.20891716817871
2024-01-01 22:04:00,68.3844765494557
2024-01-01 22:05:00,64.32425430589943
2024-01-01 22:06:00,66.41622188392344
2024-01-01 22:07:00,68.02646794110518
2024-01-01 22:08:00,65.91504872887832
2024-01-01 22:09:00,69.55413524972691
2024-01-01 22:10:00,71.43566307404814
2024-01-01 22:11:00,70.83161240728462
2024-01-01 22:12:00,67.98717356107993
2024-01-01 22:13:00,71.41552510900418
2024-01-01 22:14:00,68.75146384335996
2024-01-01 22:15:00,67.80005526882114
2024-01-01 22:16:00,67.26756198088508
2024-01-01 22:17:00,67.90960947226962
2024-01-01 22:18:00,67.75841781058254
2024-01-01 22:19:00,68.89586718396325
2024-01-01 22:20:00,68.89648630519974
2024-01-01 22:21:00,68.60177392207878
2024-01-01 22:22:00,69.48994131640315
2024-01-01 22:23:00,71.01777979901638
2024-01-01 22:24:00,70.55605659043573
2024-01-01 22:25:00,65.70765186978034
2024-01-01 22:26:00,63.59014305973025
2024-01-01 22:27:00,70.58720032857771
2024-01-01 22:28:00,66.00541555681049
2024-01-01 22:29:00,68.31029148493089
2024-01-01 22:30:00,66.44028207505761
2024-01-01 22:31:00,65.19726920901793
2024-01-01 22:32:00,69.90491323059854
2024-01-01 22:33:00,70.36109113160119
2024-01-01 22:34:00,67.71058800625798
2024-01-01 22:35:00,63.70238679249187
2024-01-01 22:36:00,67.81287923348883
2024-01-01 22:37:00,69.7099066892881
2024-01-01 22:38:00,65.9894394951921
2024-01-01 22:39:00,69.33497944217828
2024-01-01 22:40:00,68.95866949900055
2024-01-01 22:41:00,70.1689340247249
2024-01-01 22:42:00,69.27060543196504
2024-01-01 22:43:00,67.10643193180653
2024-01-01 22:44:00,71.46686899093196
2024-01-01 22:45:00,68.77785367737225
2024-01-01 22:46:00,69.06152084762431
2024-01-01 22:47:00,67.27084098413836
2024-01-01 22:48:00,68.27208885242325
2024-01-01 22:49:00,67.41035346005125
2024-01-01 22:50:00,68.85540098567617
2024-01-01 22:51:00,72.64607257013989
2024-01-01 22:52:00,66.50024371749468
2024-01-01 22:53:00,66.03834109200012
2024-01-01 22:54:00,72.22924951923105
2024-01-01 22:55:00,68.88973317920771
2024-01-01 22:56:00,67.99173301841115
2024-01-01 22:57:00,71.43121172536787
2024-01-01 22:58:00,68.16172061775151
2024-01-01 22:59:00,73.04654556146706
2024-01-01 23:00:00,70.77197700291332
2024-01-01 23:01:00,68.46192585626316
2024-01-01 23:02:00,73.77401239514516
2024-01-01 23:03:00,68.269636899233
2024-01-01 23:04:00,70.98695134282833
2024-01-01 23:05:00,70.12306228607581
2024-01-01 23:06:00,72.14969849890294
2024-01-01 23:07:00,72.69099897187272
2024-01-01 23:08:00,69.65376699300035
2024-01-01 23:09:00,68.10472612301818
2024-01-01 23:10:00,70.55332996467693
2024-01-01 23:11:00,68.29979899408995
2024-01-01 23:12:00,73.70386811622517
2024-01-01 23:13:00,69.97204759639429
2024-01-01 23:14:00,68.99023616246718
2024-01-01 23:15:00,70.11216081745341
2024-01-01 23:16:00,67.0704867686752
2024-01-01 23:17:00,67.84346820536521
2024-01-01 23:18:00,72.20949841649116
2024-01-01 23:19:00,68.5168733350307
2024-01-01 23:20:00,67.75884778440405
2024-01-01 23:21:00,70.94799926599232
2024-01-01 23:22:00,72.26814182545301
2024-01-01 23:23:00,71.35669522600989
2024-01-01 23:24:00,71.93295398725918
2024-01-01 23:25:00,68.44935296065862
2024-01-01 23:26:00,67.14142042613649
2024-01-01 23:27:00,73.00982137324809
2024-01-01 23:28:00,69.3839199772248
2024-01-01 23:29:00,69.54975207113355
2024-01-01 23:30:00,72.72995728790131
2024-01-01 23:31:00,71.20819196141397
2024-01-01 23:32:00,71.02968205043074
2024-01-01 23:33:00,74.47009697174377
2024-01-01 23:34:00,68.87525239543467
2024-01-01 23:35:00,72.04017607154428
2024-01-01 23:36:00,70.32073899545252
2024-01-01 23:37:00,70.76612379071719
2024-01-01 23:38:00,73.30811171598775
2024-01-01 23:39:00,71.28909073436324
2024-01-01 23:40:00,71.372264052397
2024-01-01 23:41:00,72.46294714060825
2024-01-01 23:42:00,69.61029506290502
2024-01-01 23:43:00,68.68405631261753
2024-01-01 23:44:00,68.29513903871745
2024-01-01 23:45:00,66.47433226636049
2024-01-01 23:46:00,74.54175354684588
2024-01-01 23:47:00,68.24522180537421
2024-01-01 23:48:00,70.03143553189464
2024-01-01 23:49:00,69.9426249982347
2024-01-01 23:50:00,71.13337797348912
2024-01-01 23:51:00,72.1723557278548
2024-01-01 23:52:00,72.2841483335114
2024-01-01 23:53:00,69.41936944678025
2024-01-01 23:54:00,70.2736063605265
2024-01-01 23:55:00,71.19533723420905
2024-01-01 23:56:00,70.15512429080759
2024-01-01 23:57:00,73.88952815379155
2024-01-01 23:58:00,71.6791181960412
2024-01-01 23:59:00,72.18925557209963
